firstname,lastname,amount,date,city,quantity,postalcode
Keiko,Simpson,90.52,2/11/2021 2:09,Silifke,2,574145
Sylvester,Stephenson,34.88,3/17/2021 5:59,Sterling Heights,2,35202-11344
Walter,House,6.53,8/4/2022 5:49,Sanghar,4,758727
Odessa,Cooper,82.04,7/28/2022 3:08,Rankweil,9,18494
Grant,Henderson,30.01,2/24/2021 10:25,Dublin,5,29371
Pascale,Trevino,29.75,8/15/2022 9:25,Châtellerault,9,50415
Fay,Albert,2.55,1/7/2021 8:35,Charlottetown,7,862344
Zeus,Randall,46.65,1/28/2022 6:32,Anyang,7,22471-084
Shad,Hood,8.56,7/19/2022 8:24,Armadale,7,3142
Trevor,Ware,87.28,8/9/2022 6:50,Hertford,4,7633
Maris,Shaw,99.97,12/2/2021 3:51,Silifke,2,574145
Laith,Bowman,2.74,9/28/2022 12:05,Madison,3,16445
Benjamin,Haley,63.84,5/19/2021 1:33,Donosti,1,832262
Judith,Mcintyre,63.13,8/8/2022 11:18,Port Blair,8,5771
Hamish,Ford,8.85,11/22/2020 4:04,Mödling,4,426278
Alana,Compton,0.82,2/27/2021 1:29,San Cristóbal de la Laguna,3,8526
Mollie,Sutton,49.96,2/22/2022 6:20,Judenburg,6,ID8Y 8FZ
Zahir,Conner,60.34,12/10/2021 2:27,Wakefield,9,32641
Yeo,Sanders,74.73,1/17/2021 3:29,Barcelona,2,11311
Hamish,Bush,68.17,10/11/2022 8:47,Guaymas,3,372037
Quynn,Patrick,50,1/29/2022 1:54,Katsina,4,303116
Moana,Clemons,98.98,9/5/2021 8:43,Niterói,9,7588
Keane,Lane,16.57,12/13/2021 11:59,Plymouth,1,6162
Ralph,Glass,60.68,10/26/2021 9:35,Cork,6,83428
Marsden,Christensen,81.56,5/19/2021 9:00,Galway,3,42K 1L2
Florence,Buck,92.41,4/25/2021 4:50,Zeist,5,11634
Ulla,Kelly,89.67,5/28/2022 5:57,Inner Mongolia,8,27781
Tyler,Malone,94.46,6/5/2022 5:58,Mielec,2,4325
Judith,Sy,31.78,10/1/2021 7:44,Pachuca,3,573524
Colorado,Fowler,91.91,12/6/2021 9:27,Villahermosa,3,1061 FZ
Kelsey,Preston,83.68,1/26/2021 11:46,Mazatlán,8,194584
Vaughan,Lindsey,47.69,11/23/2020 9:10,Mexico City,2,5618 CN
Judith,Klein,49.44,5/3/2021 12:10,Kalisz,6,28258
Hamish,Love,73.71,5/23/2022 7:55,East Jakarta,3,4284 MG
Alana,Hahn,66.86,10/27/2021 5:58,Tarakan,9,HI5 9CX
Jelani,Rhodes,5.53,11/30/2020 12:25,Aydın,6,6272
Moana,Whitley,39.23,5/4/2021 7:38,Xinjiang,9,74752
Wing,Whitley,67.48,3/18/2022 2:34,Braunau am Inn,7,7060
Bruce,Gray,24.94,5/28/2021 12:35,Samarinda,5,12359
Amy,Moody,32.85,11/20/2022 6:14,Greifswald,1,12864
Kimberley,Estes,88.87,7/10/2021 6:20,Itanagar,8,812233
Macaulay,Maldonado,17.32,8/25/2022 1:21,Kumluca,2,21153
Marsden,Workman,63.03,11/23/2020 5:42,Hoogeveen,9,316226
Florence,Patel,21.9,1/20/2022 1:10,Oaxaca,3,9731
Ulla,Haney,47.92,12/8/2021 2:57,Imphal,4,65668
Tyler,Richards,81.16,2/24/2021 1:36,Kohima,5,97-298
Francis,Manning,18.3,8/29/2022 8:39,Sint-Kwintens-Lennik,6,C3 1BV
Cameran,Brock,89.77,2/13/2022 9:11,Yorkton,2,721157
Evelyn,Griffith,2.36,2/4/2022 6:09,Sgonico,6,2704
Lucas,Marquez,37.48,1/20/2022 4:08,Anchorage,2,896447
Madonna,Pacheco,9.3,8/1/2022 5:54,Gimcheon,4,522053
Jelani,Rhodes,26.25,7/24/2021 11:08,Yeongju,0,1858 UE
Moana,Whitley,63.55,4/8/2021 4:12,Manisa,9,463532
Wing,Whitley,3.56,1/2/2022 8:12,Cabo de Santo Agostinho,1,85785-334
Bruce,Gray,58.76,4/20/2021 7:19,Panjim,7,78524-24217
Amy,Moody,0.16,11/15/2022 4:31,Dalbeattie,2,47489
Courtney,Holman,31.29,5/23/2021 4:43,Levin,8,54928
Shaeleigh,Boyer,6.38,6/17/2021 6:40,Łódź,7,XR2 2GW
Amery,Battle,99.66,3/28/2022 8:40,Henan,5,29246
Karly,Barber,81.4,8/13/2021 7:20,Logroño,3,93501
Lesley,James,52.82,2/22/2022 8:01,Belfast,2,37568766
Tyler,Richards,46.31,11/10/2021 8:54,Santarém,9,225753
Gabriel,Kirby,10.54,9/3/2021 7:07,Toltén,5,17645
Zachery,Galloway,80.12,8/17/2021 3:30,Puno,2,50111
Echo,Navarro,19.96,10/15/2021 4:59,Okigwe,9,75134
Beverly,Pate,72.41,11/23/2021 9:56,Çeşme,7,503993
Knox,Lewis,9.23,10/23/2022 11:16,Forres,9,72563
Hyatt,Dominguez,86.27,12/5/2021 10:45,Aguazul,2,837621
Sacha,Bishop,76.01,7/3/2021 10:17,Kano,1,2367
Ryder,Wood,76.88,12/5/2021 7:08,Cuernavaca,8,854607
Aiko,Payne,10.27,12/7/2021 12:06,Cockburn,2,X6O 4XO
David,Gordon,25.18,7/27/2022 11:25,Sicuani,6,7680
Teagan,Frank,16.69,9/5/2022 2:50,Waterloo,3,7522 DB
Hiram,Cameron,40.52,8/14/2022 12:21,Imphal,3,59155
Hall,Pacheco,82.11,12/27/2021 5:45,Felixstowe,9,254864
Barrett,Bender,50.5,10/15/2022 10:09,Marke,2,915935
Tamekah,Vance,54.53,4/26/2021 7:40,Gallicchio,2,44738
Beverly,Mayer,44.24,12/18/2020 9:29,San Nicolás de los Garza,4,67576
Kevin,Oliver,24.88,1/5/2021 12:16,Zonhoven,8,O4T 2H8
September,Mason,65.06,8/13/2021 6:49,Norrköping,4,831988
Gareth,Jimenez,62.34,6/30/2022 4:08,Vologda,3,82954
Otto,Blackwell,6.09,7/2/2021 2:08,Ergani,8,123379
Brady,Erickson,43.91,8/10/2021 8:27,Mỹ Tho,8,968375
Peter,Harrington,48.77,9/16/2022 9:03,Monguelfo-Tesido/Welsberg-Taisten,9,24427
Amity,Horne,39.31,1/11/2021 2:48,Wanaka,0,9183
Audra,Howard,40.36,6/29/2022 8:16,Bandar Lampung,0,45237
Garrison,Vincent,2.56,6/27/2021 4:36,Hengelo,0,2648
Kirk,Meyer,75.37,5/23/2022 9:03,Kotli,3,252375
Whoopi,Dunlap,19.11,12/9/2021 9:55,Sicuani,6,7680
Isaac,Walter,22.99,7/29/2022 8:17,Imphal,3,59155
Roth,Sawyer,44.13,12/16/2020 12:00,Imphal,3,59155
Jada,Klein,74.17,11/1/2021 5:04,Galway,6,61147
Hunter,Daniels,57.66,11/6/2021 12:14,Bauchi,6,255769
Wyatt,Donaldson,41.61,1/4/2022 8:30,Invercargill,6,32477
Duncan,Mack,16.07,6/20/2021 3:14,Tula,2,10-198
Colt,Webb,54.89,4/18/2021 5:53,San Rafael,0,65459-63435
Oren,Glover,25.06,2/12/2022 5:35,Tarbes,4,774791
Kelly,Bartlett,91.66,1/21/2022 12:06,Zonhoven,8,O4T 2H8
Emerson,Mitchell,94.15,10/24/2021 3:01,Norrköping,4,831988
Leilani,Page,73.8,7/4/2022 9:20,Vologda,3,82954
